ğŸ˜;Organized well-modulated concept;Quidem consequatur sed dolorem fuga. Est doloribus laudantium est blanditiis autem ut. Esse sapiente repellat et dolore minus voluptatem. Omnis dolores ipsam a explicabo et.;http://python.beispiel.programmierenlernen.io/img/14.jpg
ğŸ˜¢;Balanced optimal openarchitecture;Eligendi sint velit dolor et cumque odio. Quia possimus nisi nostrum ullam et. Magnam quia id enim soluta modi quia esse. Sint quae vitae quidem beatae. Perspiciatis aliquam est impedit quis iusto.;http://python.beispiel.programmierenlernen.io/img/15.jpg
ğŸ˜;Universal explicit throughput;Magnam nobis soluta doloremque omnis architecto cum explicabo. Magnam alias tempora numquam sequi omnis tempora. Perferendis labore excepturi molestiae voluptate. Eum nihil ipsum et fuga quasi quidem id.;http://python.beispiel.programmierenlernen.io/img/16.jpg
ğŸ˜³;Polarised mobile algorithm;Repellendus voluptatem impedit quis tempore sed suscipit. Eveniet qui quas optio quos tempora. Nemo sed qui placeat in autem fuga sunt minus.;http://python.beispiel.programmierenlernen.io/img/17.jpg
ğŸ˜š;Mandatory homogeneous infrastructure;Deserunt quas ullam quia. Et voluptatibus accusantium autem in quaerat iure voluptatem. Assumenda dolores quos cum nemo molestias qui quia. Et qui autem repellat aperiam est deserunt.;http://python.beispiel.programmierenlernen.io/img/18.jpg
ğŸ˜²;Business-focused interactive implementation;Corporis eligendi voluptas dolorem sit consequatur ipsum. Aperiam et facere est voluptatem sit ea architecto repudiandae. Praesentium ducimus aperiam amet expedita dolores possimus. At soluta nihil dolor occaecati sint voluptatibus.;http://python.beispiel.programmierenlernen.io/img/19.jpg
ğŸ˜¯;Polarised exuding archive;Tenetur quaerat rerum nihil quo ratione qui molestiae amet. Ducimus occaecati ut sed reprehenderit porro. Sed quia sint ipsam repellendus. Iste libero laborum aspernatur illum ullam et soluta aut.;http://python.beispiel.programmierenlernen.io/img/20.jpg
ğŸ˜µ;Extended homogeneous firmware;Doloribus voluptas nam excepturi quibusdam. Ab esse architecto ut sunt. Non voluptates ex dolorem odit ab quasi.;http://python.beispiel.programmierenlernen.io/img/21.jpg
ğŸ˜‹;Secured transitional capability;Tenetur iusto nobis similique nobis laborum. Hic fuga in quia. Non molestias voluptatem dicta illum. Voluptatem aut repellendus est voluptatem voluptas.;http://python.beispiel.programmierenlernen.io/img/22.jpg
ğŸ˜´;Expanded clear-thinking forecast;Quo reiciendis quo veritatis. Et laboriosam ipsum molestias magni. Ea eveniet vel nihil autem et dignissimos. Ab magni iusto nulla est illo.;http://python.beispiel.programmierenlernen.io/img/23.jpg
ğŸ˜‡;Grass-roots assymetric interface;Itaque assumenda dolore dolor sed iste. Omnis sint sint blanditiis ut omnis. Nulla corporis dolor qui temporibus omnis dignissimos in.;http://python.beispiel.programmierenlernen.io/img/24.jpg
ğŸ˜ˆ;Inverse static service-desk;Eos qui ut eos accusamus sed. Et aut vel neque fuga sit vitae in dicta. Est perspiciatis culpa officia libero.;http://python.beispiel.programmierenlernen.io/img/25.jpg
ğŸ˜;Optional object-oriented toolset;Ad id qui sed odio. Sequi voluptas voluptate provident pariatur doloremque. Dignissimos placeat harum repellendus magni.;http://python.beispiel.programmierenlernen.io/img/26.jpg
ğŸ˜§;Optional stable service-desk;Corrupti in tempore omnis et blanditiis. Tenetur qui qui corrupti nemo. Earum laboriosam dicta nulla sit quia impedit.;http://python.beispiel.programmierenlernen.io/img/27.jpg
ğŸ˜ˆ;Virtual background systemengine;Voluptates sit debitis in eius aut. Odit modi minus impedit. Assumenda et ipsa fuga in cumque. Dignissimos qui qui doloribus consequatur ad. Saepe harum maxime illo nisi.;http://python.beispiel.programmierenlernen.io/img/28.jpg
ğŸ˜¶;Balanced human-resource extranet;Error sit quibusdam ducimus ullam. Dicta exercitationem libero excepturi maiores. Repudiandae provident sapiente cumque dolorem accusantium voluptatem.;http://python.beispiel.programmierenlernen.io/img/29.jpg
ğŸ˜„;Expanded bi-directional encryption;Aspernatur quia consequatur molestiae saepe numquam et. Sed hic blanditiis consequuntur nostrum suscipit non hic. Voluptates sunt labore animi ea aut hic. Saepe quo doloribus eaque aspernatur.;http://python.beispiel.programmierenlernen.io/img/30.jpg
ğŸ˜©;Sharable client-driven groupware;Nemo aut voluptatem unde non. Ducimus voluptates cumque quae earum ipsam. Aut vitae libero veniam nihil reprehenderit.;http://python.beispiel.programmierenlernen.io/img/31.jpg
ğŸ˜¬;Monitored even-keeled initiative;Distinctio quia nihil nam odit qui illum. Eos facilis et cumque maxime quasi veritatis sed.;http://python.beispiel.programmierenlernen.io/img/32.jpg
ğŸ˜ˆ;Inverse maximized benchmark;Nobis dolor magnam alias ut aliquam ea. Qui non sint dolor facere minima. Maiores nostrum et consequatur.;http://python.beispiel.programmierenlernen.io/img/33.jpg
ğŸ˜Š;Front-line full-range help-desk;Sit tenetur aut dolores. Non exercitationem deleniti molestiae qui dolor. Magnam dolores eveniet at neque facilis molestiae quis et. Facere reiciendis porro impedit odio fugit similique consequatur.;http://python.beispiel.programmierenlernen.io/img/34.jpg
ğŸ˜…;Integrated impactful matrices;Similique et et a laudantium. Veritatis quo et exercitationem est. Aut eum nihil non itaque sunt. Illum ea laudantium eum harum et ut.;http://python.beispiel.programmierenlernen.io/img/35.jpg
ğŸ˜„;Cross-platform composite data-warehouse;Labore quia quo iusto incidunt natus. Perferendis consequatur quaerat dolorem quo.;http://python.beispiel.programmierenlernen.io/img/36.jpg
ğŸ˜´;Grass-roots systemic support;Amet recusandae necessitatibus doloremque. Iure harum accusantium nulla pariatur at delectus. Deserunt occaecati voluptas corrupti possimus harum. Officia atque sit magnam nulla voluptate.;http://python.beispiel.programmierenlernen.io/img/37.jpg
ğŸ˜‚;Secured 3rdgeneration intranet;Doloribus labore porro aspernatur blanditiis. Placeat enim culpa consequuntur maiores voluptatum. Ducimus et ad eos et.;http://python.beispiel.programmierenlernen.io/img/38.jpg
ğŸ˜•;Persistent composite firmware;Eius quaerat vel debitis sed. Magnam et optio sit nemo sunt expedita. Qui eum quia qui porro cum delectus.;http://python.beispiel.programmierenlernen.io/img/39.jpg
ğŸ˜Š;Upgradable multimedia benchmark;Eos id quasi qui quo laboriosam eos eos. Sit sint quos deleniti voluptatem vel sint iste. Numquam minima qui dolore. Numquam vero quas repudiandae earum magni.;http://python.beispiel.programmierenlernen.io/img/40.jpg
ğŸ˜¦;Organized fresh-thinking utilisation;Laborum in id voluptatibus beatae non. Optio voluptates et eligendi veniam voluptas in suscipit. Quae numquam et ut sed. Velit fugit aut tenetur consequatur. Iusto blanditiis ut ut perspiciatis quod saepe.;http://python.beispiel.programmierenlernen.io/img/41.jpg
